{"approve": 42.09176, "disapprove": 53.67088}
