{"approve_avg": 40.858158569989946, "disapprove_avg": 53.57569269889227, "approve": 42.09176, "disapprove": 53.67088}